dataset,mu_size,nu_size,cost,iterations,error,cost_rerr,time_unit,time,time_counter,gpu_mem_unit,peak_gpu_mem,combined_peak_gpu_ram,peak_gpu_util_pct,mean_gpu_util_pct,peak_ram_MiB,combined_peak_ram_MiB,max_cpu_util_pct,mean_cpu_util_pct,status,name,reg,maxiter,tol,learning_rate,momentum,residual_l2,exception
1D-exponential-32p,32,32,0.1581301292549269,127174,9.999927542310017e-07,,seconds,5.512253284454346,5.408931542187929,megabytes,544.0,544.0,78.0,72.18518518518519,0.22605824,0.22605824,0.8203125,0.7680555555555556,success,sgd,0.001,1000000,1e-06,0.002,0.9,9.999927542310017e-07,
1D-exponential-32p,32,32,0.0170971130976536,103347,9.999974838038362e-07,,seconds,4.436729669570923,4.329730875790119,megabytes,544.0,544.0,78.0,73.23809523809524,0.225943552,0.225943552,0.81484375,0.7604166666666666,success,sgd,0.001,1000000,1e-06,0.002,0.9,9.999974838038362e-07,
1D-exponential-32p,32,32,0.0210983662903762,116065,9.999956209189945e-07,,seconds,4.999163627624512,4.829868156462908,megabytes,544.0,544.0,78.0,73.8695652173913,0.226308096,0.226308096,0.81640625,0.7449048913043478,success,sgd,0.001,1000000,1e-06,0.002,0.9,9.999956209189945e-07,
1D-exponential-32p,32,32,0.0412933583905978,121309,9.999913092264247e-07,,seconds,5.159459352493286,5.109362285584211,megabytes,544.0,544.0,78.0,73.96,0.226107392,0.226107392,0.8171875,0.7730937499999999,success,sgd,0.001,1000000,1e-06,0.002,0.9,9.999913092264247e-07,
1D-exponential-32p,32,32,0.0251116536599757,100597,9.999943785251315e-07,,seconds,4.401076793670654,4.219743262976408,megabytes,544.0,544.0,78.0,71.9047619047619,0.22638592,0.22638592,0.8140625,0.7452008928571426,success,sgd,0.001,1000000,1e-06,0.002,0.9,9.999943785251315e-07,
1D-exponential-32p,32,32,0.1232479132338908,1000000,0.6740465810662513,,seconds,41.856847286224365,41.78955228999257,megabytes,544.0,544.0,83.0,75.9948717948718,0.284749824,0.284749824,0.81640625,0.7779887820512817,success,sgd,0.001,1000000,1e-06,0.002,0.9,0.6740465810662513,
1D-exponential-32p,32,32,0.0222782817329568,1000000,0.209448368406509,,seconds,41.34640693664551,41.16225342452526,megabytes,544.0,544.0,80.0,76.42105263157895,0.284921856,0.284921856,0.815625,0.773503289473684,success,sgd,0.001,1000000,1e-06,0.002,0.9,0.209448368406509,
1D-exponential-32p,32,32,0.0027058564844472,8208,9.999903312606006e-07,,seconds,0.3995201587677002,0.3583289310336113,megabytes,544.0,544.0,69.0,34.5,0.22581248,0.22581248,0.7796875,0.6765625,success,sgd,0.001,1000000,1e-06,0.002,0.9,9.999903312606006e-07,
1D-exponential-32p,32,32,0.0027222434291929,68786,9.999859499199683e-07,,seconds,3.015785455703736,2.8643928915262222,megabytes,544.0,544.0,78.0,70.92857142857143,0.226115584,0.226115584,0.80078125,0.7216517857142858,success,sgd,0.001,1000000,1e-06,0.002,0.9,9.999859499199683e-07,
1D-exponential-32p,32,32,0.0099667374843192,1000000,0.6151806512962583,,seconds,41.681851625442505,41.65198933705688,megabytes,544.0,544.0,78.0,76.10880829015544,0.284872704,0.284872704,0.8125,0.7771130181347153,success,sgd,0.001,1000000,1e-06,0.002,0.9,0.6151806512962583,
1D-exponential-32p,32,32,0.0182883302818669,1000000,0.0955845487619692,,seconds,41.54374408721924,41.382718075066805,megabytes,544.0,544.0,79.0,76.57671957671958,0.28485632,0.28485632,0.8234375,0.7772569444444437,success,sgd,0.001,1000000,1e-06,0.002,0.9,0.0955845487619692,
1D-exponential-32p,32,32,0.0226869725377981,107066,9.999912629793143e-07,,seconds,4.649526357650757,4.515602312982082,megabytes,544.0,544.0,78.0,72.4090909090909,0.045371392,0.045371392,0.81328125,0.754296875,success,sgd,0.001,1000000,1e-06,0.002,0.9,9.999912629793143e-07,
1D-exponential-32p,32,32,0.0946094528635531,1000000,0.5236586397288839,,seconds,42.59841847419739,42.59327781945467,megabytes,544.0,544.0,83.0,74.79126213592232,0.109563904,0.109563904,0.82578125,0.7780301881067965,success,sgd,0.001,1000000,1e-06,0.002,0.9,0.5236586397288839,
1D-exponential-32p,32,32,0.133469039992167,129944,9.999929252194557e-07,,seconds,5.512074947357178,5.419060610234737,megabytes,544.0,544.0,78.0,73.125,0.045473792,0.045473792,0.8109375,0.7696614583333333,success,sgd,0.001,1000000,1e-06,0.002,0.9,9.999929252194557e-07,
1D-exponential-32p,32,32,0.045751475354102,1000000,0.3267445859179297,,seconds,41.14477777481079,41.09181543067098,megabytes,544.0,544.0,78.0,76.86486486486487,0.109600768,0.109600768,0.82265625,0.7803758445945943,success,sgd,0.001,1000000,1e-06,0.002,0.9,0.3267445859179297,
1D-exponential-32p,32,32,0.0281757541873243,110009,9.999968586150025e-07,,seconds,4.882420539855957,4.702944222837687,megabytes,544.0,544.0,78.0,69.96,0.045441024,0.045441024,0.79765625,0.7483749999999999,success,sgd,0.001,1000000,1e-06,0.002,0.9,9.999968586150025e-07,
1D-exponential-32p,32,32,0.1083778472152472,1000000,0.2247424332236254,,seconds,41.828099727630615,41.74397419765592,megabytes,544.0,544.0,78.0,75.86910994764398,0.109584384,0.109584384,0.81640625,0.778341786649215,success,sgd,0.001,1000000,1e-06,0.002,0.9,0.2247424332236254,
1D-exponential-32p,32,32,0.0081900984960975,91174,9.99996228799213e-07,,seconds,4.014916181564331,3.9382792115211487,megabytes,544.0,544.0,74.0,70.38095238095238,0.04519936,0.04519936,0.8140625,0.7613839285714286,success,sgd,0.001,1000000,1e-06,0.002,0.9,9.99996228799213e-07,
1D-exponential-32p,32,32,0.0619033952277803,130587,9.99996314681664e-07,,seconds,5.7599639892578125,5.602934572845697,megabytes,544.0,544.0,78.0,72.48275862068965,0.045264896,0.045264896,0.815625,0.7566271551724139,success,sgd,0.001,1000000,1e-06,0.002,0.9,9.99996314681664e-07,
1D-exponential-32p,32,32,0.0351431929284361,1000000,0.6917501694901184,,seconds,41.157207012176514,41.15011756494641,megabytes,544.0,544.0,80.0,76.63783783783784,0.109559808,0.109559808,0.82265625,0.7789695945945945,success,sgd,0.001,1000000,1e-06,0.002,0.9,0.6917501694901184,
1D-exponential-32p,32,32,0.0120914343709943,88838,9.9999067285652e-07,,seconds,3.771260976791382,3.7310799844563007,megabytes,544.0,544.0,78.0,71.88888888888889,0.0453632,0.0453632,0.8203125,0.7735243055555556,success,sgd,0.001,1000000,1e-06,0.002,0.9,9.9999067285652e-07,
1D-exponential-32p,32,32,0.114168243058885,129612,9.99992583950128e-07,,seconds,5.4206953048706055,5.426357232034206,megabytes,544.0,544.0,79.0,73.81481481481481,0.045359104,0.045359104,0.79296875,0.7754340277777778,success,sgd,0.001,1000000,1e-06,0.002,0.9,9.99992583950128e-07,
1D-exponential-32p,32,32,0.0504378419957044,116733,9.99997025417176e-07,,seconds,4.961723566055298,4.930917251855135,megabytes,544.0,544.0,78.0,73.70833333333333,0.045309952,0.045309952,0.81328125,0.7790364583333335,success,sgd,0.001,1000000,1e-06,0.002,0.9,9.99997025417176e-07,
1D-exponential-32p,32,32,0.038087983402823,109170,9.999921758326671e-07,,seconds,4.608923435211182,4.503682848066092,megabytes,544.0,544.0,79.0,72.81818181818181,0.04532224,0.04532224,0.8234375,0.761044034090909,success,sgd,0.001,1000000,1e-06,0.002,0.9,9.999921758326671e-07,
1D-exponential-32p,32,32,0.0019558057826913,59805,9.999907492930793e-07,,seconds,2.6697957515716557,2.50515940412879,megabytes,544.0,544.0,78.0,67.23076923076923,0.045580288,0.045580288,0.80546875,0.7222355769230769,success,sgd,0.001,1000000,1e-06,0.002,0.9,9.999907492930793e-07,
1D-exponential-32p,32,32,0.0113720463386692,96755,9.999929192951594e-07,,seconds,4.138180732727051,3.987170461565256,megabytes,544.0,544.0,78.0,75.0,0.045293568,0.045293568,0.81953125,0.7437911184210527,success,sgd,0.001,1000000,1e-06,0.002,0.9,9.999929192951594e-07,
1D-exponential-32p,32,32,0.0620650397282734,1000000,0.5435867825926071,,seconds,42.40170812606812,42.30258742719889,megabytes,544.0,544.0,78.0,74.72636815920399,0.109654016,0.109654016,0.828125,0.7761660447761197,success,sgd,0.001,1000000,1e-06,0.002,0.9,0.5435867825926071,
1D-exponential-32p,32,32,0.020362521343909,108482,9.999940309747351e-07,,seconds,4.743534803390503,4.591723971068859,megabytes,544.0,544.0,78.0,71.82608695652173,0.045330432,0.045330432,0.80546875,0.7496263586956522,success,sgd,0.001,1000000,1e-06,0.002,0.9,9.999940309747351e-07,
1D-exponential-32p,32,32,0.0223601830322707,116215,9.999912342378188e-07,,seconds,4.976322174072266,4.843628618866205,megabytes,544.0,544.0,78.0,73.68181818181819,0.045481984,0.045481984,0.8125,0.7626775568181817,success,sgd,0.001,1000000,1e-06,0.002,0.9,9.999912342378188e-07,
1D-exponential-32p,32,32,0.1304511228121023,1000000,0.2266348753329118,,seconds,42.27832102775574,42.22468422353268,megabytes,544.0,544.0,82.0,74.91584158415841,0.109715456,0.109715456,0.821875,0.778043780940594,success,sgd,0.001,1000000,1e-06,0.002,0.9,0.2266348753329118,
1D-exponential-64p,64,64,0.1639925189168498,186747,9.99996485385182e-07,,seconds,8.817792177200317,8.662679005414248,megabytes,544.0,544.0,82.0,74.2051282051282,0.060366848,0.060366848,0.8140625,0.7524238782051281,success,sgd,0.001,1000000,1e-06,0.002,0.9,9.99996485385182e-07,
1D-exponential-64p,64,64,0.0110751228867752,132970,9.999953484164935e-07,,seconds,6.057912349700928,5.893751751631498,megabytes,544.0,544.0,82.0,77.75,0.04657152,0.04657152,0.8125,0.7557477678571427,success,sgd,0.001,1000000,1e-06,0.002,0.9,9.999953484164935e-07,
1D-exponential-64p,64,64,0.0212879932111228,169012,9.999968810764015e-07,,seconds,7.551407337188721,7.463615622371435,megabytes,544.0,544.0,82.0,78.51351351351352,0.046432256,0.046432256,0.81484375,0.777639358108108,success,sgd,0.001,1000000,1e-06,0.002,0.9,9.999968810764015e-07,
1D-exponential-64p,64,64,0.0241273422777419,160600,9.99997239675717e-07,,seconds,7.31745719909668,7.177638001739979,megabytes,544.0,544.0,81.0,77.3030303030303,0.046321664,0.046321664,0.815625,0.7649857954545454,success,sgd,0.001,1000000,1e-06,0.002,0.9,9.99997239675717e-07,
1D-exponential-64p,64,64,0.0348889835216663,153024,9.999993794858908e-07,,seconds,6.853372812271118,6.832241408526897,megabytes,544.0,544.0,81.0,78.74193548387096,0.046333952,0.046333952,0.8109375,0.7737903225806452,success,sgd,0.001,1000000,1e-06,0.002,0.9,9.999993794858908e-07,
1D-exponential-64p,64,64,0.1012020112029649,225764,9.999988804575184e-07,,seconds,9.946196556091309,9.940883256495,megabytes,544.0,544.0,82.0,79.89583333333333,0.04636672,0.04636672,0.81328125,0.7771158854166665,success,sgd,0.001,1000000,1e-06,0.002,0.9,9.999988804575184e-07,
1D-exponential-64p,64,64,0.0077714252505203,15796,9.99547470183064e-07,,seconds,0.775524377822876,0.6896294392645359,megabytes,544.0,544.0,82.0,63.0,0.045105152,0.045105152,0.815625,0.6888671875,success,sgd,0.001,1000000,1e-06,0.002,0.9,9.99547470183064e-07,
1D-exponential-64p,64,64,0.0051482313366151,118788,9.9999164550151e-07,,seconds,5.397628784179688,5.258343152701855,megabytes,544.0,544.0,82.0,77.04,0.046374912,0.046374912,0.81015625,0.7556562500000001,success,sgd,0.001,1000000,1e-06,0.002,0.9,9.9999164550151e-07,
1D-exponential-64p,64,64,0.0027724570395279,98564,9.9999932896978e-07,,seconds,4.423905849456787,4.3783384673297405,megabytes,544.0,544.0,82.0,76.80952380952381,0.0462848,0.0462848,0.80546875,0.7626116071428574,success,sgd,0.001,1000000,1e-06,0.002,0.9,9.9999932896978e-07,
1D-exponential-64p,64,64,0.0184579046435243,56676,9.999950246413165e-07,,seconds,2.56277084350586,2.5241828560829163,megabytes,544.0,544.0,82.0,73.58333333333333,0.046276608,0.046276608,0.78359375,0.7610677083333331,success,sgd,0.001,1000000,1e-06,0.002,0.9,9.999950246413165e-07,
1D-exponential-64p,64,64,0.0177216550132354,119589,9.999950305469803e-07,,seconds,5.269099950790405,5.255834110081196,megabytes,544.0,544.0,81.0,78.85185185185185,0.046354432,0.046354432,0.80625,0.7680844907407407,success,sgd,0.001,1000000,1e-06,0.002,0.9,9.999950305469803e-07,
1D-exponential-64p,64,64,0.0153079969176667,143059,9.999948420363609e-07,,seconds,6.461656808853149,6.303866945207119,megabytes,544.0,544.0,82.0,78.25,0.046473216,0.046473216,0.8234375,0.7590332031249999,success,sgd,0.001,1000000,1e-06,0.002,0.9,9.999948420363609e-07,
1D-exponential-64p,64,64,0.1210392340402053,223337,9.999972850766776e-07,,seconds,10.037533283233644,9.880412597209215,megabytes,544.0,544.0,82.0,77.9795918367347,0.046485504,0.046485504,0.8203125,0.7662308673469387,success,sgd,0.001,1000000,1e-06,0.002,0.9,9.999972850766776e-07,
1D-exponential-64p,64,64,0.0929787702256534,181613,9.99999955229064e-07,,seconds,8.198483228683472,8.061573542654514,megabytes,544.0,544.0,82.0,77.72972972972973,0.046456832,0.046456832,0.8140625,0.7660261824324324,success,sgd,0.001,1000000,1e-06,0.002,0.9,9.99999955229064e-07,
1D-exponential-64p,64,64,0.0431112519457458,144309,9.999981675330717e-07,,seconds,6.472356081008911,6.396898176521063,megabytes,544.0,544.0,82.0,77.61290322580645,0.046383104,0.046383104,0.81640625,0.7646421370967743,success,sgd,0.001,1000000,1e-06,0.002,0.9,9.999981675330717e-07,
1D-exponential-64p,64,64,0.0280142835770653,156841,9.999998058596378e-07,,seconds,6.9966795444488525,6.963553640991449,megabytes,544.0,544.0,82.0,79.375,0.04651008,0.04651008,0.81171875,0.777294921875,success,sgd,0.001,1000000,1e-06,0.002,0.9,9.999998058596378e-07,
1D-exponential-64p,64,64,0.0914644599466876,165052,9.999987364521649e-07,,seconds,7.362193584442139,7.203801397234201,megabytes,544.0,544.0,82.0,80.94736842105263,0.046514176,0.046514176,0.796875,0.7586965460526315,success,sgd,0.001,1000000,1e-06,0.002,0.9,9.999987364521649e-07,
1D-exponential-64p,64,64,0.013465193704585,152430,9.999935996354356e-07,,seconds,6.886598348617554,6.730573538690805,megabytes,544.0,544.0,82.0,77.40625,0.046452736,0.046452736,0.8109375,0.7572998046874997,success,sgd,0.001,1000000,1e-06,0.002,0.9,9.999935996354356e-07,
1D-exponential-64p,64,64,0.0614847589986134,186849,9.999973368749438e-07,,seconds,8.39251160621643,8.282665606588125,megabytes,544.0,544.0,82.0,79.63157894736842,0.046559232,0.046559232,0.81328125,0.7710731907894738,success,sgd,0.001,1000000,1e-06,0.002,0.9,9.999973368749438e-07,
1D-exponential-64p,64,64,0.0122350378115703,80512,9.99979974669018e-07,,seconds,3.615438938140869,3.576487060636282,megabytes,544.0,544.0,82.0,74.3529411764706,0.046567424,0.046567424,0.80234375,0.7724264705882353,success,sgd,0.001,1000000,1e-06,0.002,0.9,9.99979974669018e-07,
1D-exponential-64p,64,64,0.0119875993935631,126319,9.999998067654098e-07,,seconds,5.749500274658203,5.592925351113081,megabytes,544.0,544.0,82.0,77.4074074074074,0.046411776,0.046411776,0.80234375,0.7560763888888891,success,sgd,0.001,1000000,1e-06,0.002,0.9,9.999998067654098e-07,
1D-exponential-64p,64,64,0.094744786524653,180973,9.99999032018838e-07,,seconds,8.108539581298828,7.955293778330088,megabytes,544.0,544.0,82.0,78.74358974358974,0.046669824,0.046669824,0.81796875,0.7589342948717951,success,sgd,0.001,1000000,1e-06,0.002,0.9,9.99999032018838e-07,
1D-exponential-64p,64,64,0.0384297883162403,161928,9.999957914501616e-07,,seconds,7.275306940078735,7.16899786144495,megabytes,544.0,544.0,82.0,77.27272727272727,0.046518272,0.046518272,0.8171875,0.7656013257575758,success,sgd,0.001,1000000,1e-06,0.002,0.9,9.999957914501616e-07,
1D-exponential-64p,64,64,0.0289714517015724,149047,9.999937288297309e-07,,seconds,6.622111797332764,6.629096105694771,megabytes,544.0,544.0,82.0,78.61290322580645,0.046505984,0.046505984,0.81328125,0.7824848790322579,success,sgd,0.001,1000000,1e-06,0.002,0.9,9.999937288297309e-07,
1D-exponential-64p,64,64,0.0018046770280968,2959,9.9745445286659e-07,,seconds,0.1955232620239257,0.1317932903766632,megabytes,544.0,544.0,19.0,19.0,0.038551552,0.038551552,0.48984375,0.48984375,success,sgd,0.001,1000000,1e-06,0.002,0.9,9.9745445286659e-07,
1D-exponential-64p,64,64,0.0062048320514884,119665,9.999982792004363e-07,,seconds,5.40746021270752,5.238481149077416,megabytes,544.0,544.0,82.0,79.4074074074074,0.046702592,0.046702592,0.8140625,0.7497106481481481,success,sgd,0.001,1000000,1e-06,0.002,0.9,9.999982792004363e-07,
1D-exponential-64p,64,64,0.0012104904038116,5716,9.9985348719449e-07,,seconds,0.3993260860443115,0.2521888241171837,megabytes,544.0,544.0,71.0,51.0,0.045146112,0.045146112,0.79140625,0.44140625,success,sgd,0.001,1000000,1e-06,0.002,0.9,9.9985348719449e-07,
1D-exponential-64p,64,64,0.0269792392376571,165500,9.999944044898783e-07,,seconds,7.463229894638061,7.324322652071714,megabytes,544.0,544.0,82.0,79.6,0.046567424,0.046567424,0.8125,0.764375,success,sgd,0.001,1000000,1e-06,0.002,0.9,9.999944044898783e-07,
1D-exponential-64p,64,64,0.0086342602153368,141920,9.999946292696064e-07,,seconds,6.291082859039307,6.278561942279339,megabytes,544.0,544.0,82.0,78.9,0.046608384,0.046608384,0.809375,0.7786458333333333,success,sgd,0.001,1000000,1e-06,0.002,0.9,9.999946292696064e-07,
1D-exponential-64p,64,64,0.1116811002767929,198384,9.99998650447975e-07,,seconds,8.91856336593628,8.781049001961946,megabytes,544.0,544.0,82.0,79.16279069767442,0.046583808,0.046583808,0.8171875,0.7636082848837209,success,sgd,0.001,1000000,1e-06,0.002,0.9,9.99998650447975e-07,
1D-exponential-128p,128,128,0.1616835480368663,263202,9.999996015159975e-07,,seconds,13.659300088882446,13.535146661102772,megabytes,544.0,544.0,81.0,76.04838709677419,0.062083072,0.062083072,0.81484375,0.7614415322580645,success,sgd,0.001,1000000,1e-06,0.002,0.9,9.999996015159975e-07,
1D-exponential-128p,128,128,0.0139455631003736,176258,9.999942497560226e-07,,seconds,8.90755009651184,8.774698711931705,megabytes,544.0,544.0,82.0,77.65,0.047824896,0.047824896,0.8140625,0.766015625,success,sgd,0.001,1000000,1e-06,0.002,0.9,9.999942497560226e-07,
1D-exponential-128p,128,128,0.0257836316545554,241639,9.999967852384117e-07,,seconds,12.223102807998655,12.07378450781107,megabytes,544.0,544.0,82.0,79.53571428571429,0.04786176,0.04786176,0.81796875,0.7700892857142858,success,sgd,0.001,1000000,1e-06,0.002,0.9,9.999967852384117e-07,
1D-exponential-128p,128,128,0.0319290766747508,242897,9.999994577099834e-07,,seconds,12.222458124160768,12.10104463249445,megabytes,544.0,544.0,81.0,79.18181818181819,0.047599616,0.047599616,0.8125,0.7691903409090906,success,sgd,0.001,1000000,1e-06,0.002,0.9,9.999994577099834e-07,
1D-exponential-128p,128,128,0.0248669449877491,191871,9.99996481125808e-07,,seconds,9.70136022567749,9.563445083796978,megabytes,544.0,544.0,82.0,79.31818181818181,0.047632384,0.047632384,0.81875,0.7700284090909091,success,sgd,0.001,1000000,1e-06,0.002,0.9,9.99996481125808e-07,
1D-exponential-128p,128,128,0.1015706313752035,344252,9.999971113847244e-07,,seconds,16.782747268676758,16.762075290083885,megabytes,544.0,544.0,86.0,80.48,0.111857664,0.111857664,0.81484375,0.7792395833333335,success,sgd,0.001,1000000,1e-06,0.002,0.9,9.999971113847244e-07,
1D-exponential-128p,128,128,0.0090382503124123,27883,9.998650045274564e-07,,seconds,1.6001207828521729,1.431108225136995,megabytes,544.0,544.0,81.0,69.5,0.047517696,0.047517696,0.7890625,0.6973632812500001,success,sgd,0.001,1000000,1e-06,0.002,0.9,9.998650045274564e-07,
1D-exponential-128p,128,128,0.0037510123225938,19594,9.999454376651942e-07,,seconds,1.1783592700958252,1.0011045783758163,megabytes,544.0,544.0,78.0,65.0,0.047767552,0.047767552,0.78828125,0.6423177083333332,success,sgd,0.001,1000000,1e-06,0.002,0.9,9.999454376651942e-07,
1D-exponential-128p,128,128,0.002780893297742,16359,9.99494310642319e-07,,seconds,0.9878878593444824,0.8320768810808659,megabytes,544.0,544.0,80.0,65.2,0.04745216,0.04745216,0.79765625,0.64875,success,sgd,0.001,1000000,1e-06,0.002,0.9,9.99494310642319e-07,
1D-exponential-128p,128,128,0.0166824120138494,85600,9.999904253305384e-07,,seconds,4.43946647644043,4.289496101438999,megabytes,544.0,544.0,81.0,77.23809523809524,0.047681536,0.047681536,0.81328125,0.7481770833333334,success,sgd,0.001,1000000,1e-06,0.002,0.9,9.999904253305384e-07,
1D-exponential-128p,128,128,0.01552978112184,135924,9.999950273241564e-07,,seconds,6.878497123718262,6.706685487180948,megabytes,544.0,544.0,83.0,79.02941176470588,0.048021504,0.048021504,0.81484375,0.7572380514705882,success,sgd,0.001,1000000,1e-06,0.002,0.9,9.999950273241564e-07,
1D-exponential-128p,128,128,0.0187135005596799,194138,9.99996448358758e-07,,seconds,9.860191822052002,9.833453681319952,megabytes,544.0,544.0,82.0,78.17021276595744,0.047702016,0.047702016,0.81640625,0.7749168882978724,success,sgd,0.001,1000000,1e-06,0.002,0.9,9.99996448358758e-07,
1D-exponential-128p,128,128,0.1108439343072841,348387,9.999988513222534e-07,,seconds,17.71185851097107,17.532347790896893,megabytes,544.0,544.0,82.0,79.08333333333333,0.112058368,0.112058368,0.809375,0.773511904761905,success,sgd,0.001,1000000,1e-06,0.002,0.9,9.999988513222534e-07,
1D-exponential-128p,128,128,0.1020537841149917,257430,9.99999629963964e-07,,seconds,13.05267882347107,12.955817095935345,megabytes,544.0,544.0,82.0,78.93650793650794,0.047763456,0.047763456,0.8171875,0.77296626984127,success,sgd,0.001,1000000,1e-06,0.002,0.9,9.99999629963964e-07,
1D-exponential-128p,128,128,0.0432689845887319,199909,9.999985214404264e-07,,seconds,10.109930515289308,9.971894349902868,megabytes,544.0,544.0,81.0,78.75555555555556,0.047915008,0.047915008,0.81171875,0.7651562500000003,success,sgd,0.001,1000000,1e-06,0.002,0.9,9.999985214404264e-07,
1D-exponential-128p,128,128,0.0331955784375044,224780,9.999954028057331e-07,,seconds,11.242074489593506,11.23070316761732,megabytes,544.0,544.0,82.0,79.16,0.04784128,0.04784128,0.81875,0.7770468749999998,success,sgd,0.001,1000000,1e-06,0.002,0.9,9.999954028057331e-07,
1D-exponential-128p,128,128,0.0825263770990906,230081,9.999980978054368e-07,,seconds,11.646425008773804,11.563040919601915,megabytes,544.0,544.0,81.0,78.20370370370371,0.047980544,0.047980544,0.81875,0.7747251157407405,success,sgd,0.001,1000000,1e-06,0.002,0.9,9.999980978054368e-07,
1D-exponential-128p,128,128,0.0104327164530126,29771,9.997672387147322e-07,,seconds,1.5315783023834229,1.4848129488527777,megabytes,544.0,544.0,82.0,74.28571428571429,0.047529984,0.047529984,0.803125,0.7627232142857142,success,sgd,0.001,1000000,1e-06,0.002,0.9,9.997672387147322e-07,
1D-exponential-128p,128,128,0.0545277330132585,260817,9.999968675108262e-07,,seconds,13.497724771499634,13.31595243513584,megabytes,544.0,544.0,86.0,77.67692307692307,0.11214848,0.11214848,0.8140625,0.7681850961538462,success,sgd,0.001,1000000,1e-06,0.002,0.9,9.999968675108262e-07,
1D-exponential-128p,128,128,0.0179208267767613,96457,9.99977315462541e-07,,seconds,4.843671560287476,4.8328544087708,megabytes,544.0,544.0,82.0,78.63636363636364,0.047747072,0.047747072,0.81953125,0.7799360795454546,success,sgd,0.001,1000000,1e-06,0.002,0.9,9.99977315462541e-07,
1D-exponential-128p,128,128,0.012016159320014,151450,9.999974802850293e-07,,seconds,7.531474351882935,7.529331855475903,megabytes,544.0,544.0,82.0,78.94444444444444,0.04765696,0.04765696,0.8140625,0.7841796875,success,sgd,0.001,1000000,1e-06,0.002,0.9,9.999974802850293e-07,
1D-exponential-128p,128,128,0.0947283715489936,256232,9.999998486936783e-07,,seconds,12.976511716842651,12.864511225372553,megabytes,544.0,544.0,82.0,78.61290322580645,0.0478208,0.0478208,0.8140625,0.7709677419354837,success,sgd,0.001,1000000,1e-06,0.002,0.9,9.999998486936783e-07,
1D-exponential-128p,128,128,0.0328898047213232,218654,9.999980467084608e-07,,seconds,11.13278079032898,11.04253502190113,megabytes,544.0,544.0,82.0,78.49056603773585,0.047828992,0.047828992,0.81796875,0.774660966981132,success,sgd,0.001,1000000,1e-06,0.002,0.9,9.999980467084608e-07,
1D-exponential-128p,128,128,0.0290349971903822,203444,9.999957487898809e-07,,seconds,10.377257347106934,10.22258710488677,megabytes,544.0,544.0,81.0,78.83673469387755,0.0479232,0.0479232,0.81171875,0.7678571428571429,success,sgd,0.001,1000000,1e-06,0.002,0.9,9.999957487898809e-07,
1D-exponential-128p,128,128,0.0018055603712536,6321,9.994874623914128e-07,,seconds,0.3884339332580566,0.3264611773192882,megabytes,544.0,544.0,49.0,24.5,0.045228032,0.045228032,0.75625,0.630859375,success,sgd,0.001,1000000,1e-06,0.002,0.9,9.994874623914128e-07,
1D-exponential-128p,128,128,0.0111804807179787,138755,9.999998229995331e-07,,seconds,7.22261905670166,7.05363804474473,megabytes,544.0,544.0,82.0,76.86111111111111,0.048037888,0.048037888,0.815625,0.7632161458333333,success,sgd,0.001,1000000,1e-06,0.002,0.9,9.999998229995331e-07,
1D-exponential-128p,128,128,0.0014310842459801,9155,9.9956368679243e-07,,seconds,0.6031696796417236,0.4669375047087669,megabytes,544.0,544.0,78.0,47.333333333333336,0.04538368,0.04538368,0.81015625,0.61640625,success,sgd,0.001,1000000,1e-06,0.002,0.9,9.9956368679243e-07,
1D-exponential-128p,128,128,0.0270317974951199,237385,9.999959355236323e-07,,seconds,11.895577430725098,11.855056267231705,megabytes,544.0,544.0,82.0,79.32727272727273,0.047919104,0.047919104,0.8109375,0.7735653409090909,success,sgd,0.001,1000000,1e-06,0.002,0.9,9.999959355236323e-07,
1D-exponential-128p,128,128,0.0145719012494766,212878,9.999977825423676e-07,,seconds,10.929158210754396,10.739935029298069,megabytes,544.0,544.0,82.0,78.15094339622641,0.048205824,0.048205824,0.8109375,0.7636350235849055,success,sgd,0.001,1000000,1e-06,0.002,0.9,9.999977825423676e-07,
1D-exponential-128p,128,128,0.131204153801835,294151,9.99998554815526e-07,,seconds,14.82120966911316,14.684000801295042,megabytes,544.0,544.0,84.0,78.92957746478874,0.112111616,0.112111616,0.81328125,0.7702684859154929,success,sgd,0.001,1000000,1e-06,0.002,0.9,9.99998554815526e-07,
1D-exponential-256p,256,256,0.1568608183322366,370144,9.999994622448142e-07,,seconds,20.135199785232544,19.96795879304409,megabytes,546.0,546.0,84.0,80.88297872340425,0.122867712,0.122867712,0.83984375,0.7629654255319152,success,sgd,0.001,1000000,1e-06,0.002,0.9,9.999994622448142e-07,
1D-exponential-256p,256,256,0.0124776957337062,14015,9.995499677095504e-07,,seconds,0.7766177654266357,0.7331025116145611,megabytes,546.0,546.0,85.0,63.0,0.04847616,0.04847616,0.78203125,0.7224609375,success,sgd,0.001,1000000,1e-06,0.002,0.9,9.995499677095504e-07,
1D-exponential-256p,256,256,0.025788425334375,288704,9.999983444340198e-07,,seconds,15.249492168426514,15.192404344677923,megabytes,546.0,546.0,84.0,82.43055555555556,0.1129472,0.1129472,0.81875,0.7759657118055556,success,sgd,0.001,1000000,1e-06,0.002,0.9,9.999983444340198e-07,
1D-exponential-256p,256,256,0.0278372705275425,306454,9.999990858826337e-07,,seconds,16.19241762161255,16.079852901399136,megabytes,546.0,546.0,85.0,82.49350649350649,0.113000448,0.113000448,0.81875,0.7768770292207793,success,sgd,0.001,1000000,1e-06,0.002,0.9,9.999990858826337e-07,
1D-exponential-256p,256,256,0.0271807773590147,15259,9.994472137547972e-07,,seconds,0.9608840942382812,0.7968356050550938,megabytes,546.0,546.0,84.0,67.0,0.048635904,0.048635904,0.81015625,0.633125,success,sgd,0.001,1000000,1e-06,0.002,0.9,9.994472137547972e-07,
1D-exponential-256p,256,256,0.1016653896334016,528516,9.999985386792115e-07,,seconds,27.90981149673462,27.871886048465967,megabytes,546.0,546.0,84.0,82.65384615384616,0.112951296,0.112951296,0.8234375,0.7799459134615389,success,sgd,0.001,1000000,1e-06,0.002,0.9,9.999985386792115e-07,
1D-exponential-256p,256,256,0.0083119044097508,72645,9.99989434167338e-07,,seconds,3.851312160491944,3.8173992559313774,megabytes,546.0,546.0,84.0,79.3157894736842,0.048705536,0.048705536,0.81484375,0.7743009868421054,success,sgd,0.001,1000000,1e-06,0.002,0.9,9.99989434167338e-07,
1D-exponential-256p,256,256,0.004399437340253,37923,9.998321531475066e-07,,seconds,2.0929863452911377,1.9907244071364405,megabytes,546.0,546.0,84.0,74.2,0.048451584,0.048451584,0.778125,0.73234375,success,sgd,0.001,1000000,1e-06,0.002,0.9,9.998321531475066e-07,
1D-exponential-256p,256,256,0.0033504514373656,30840,9.99829829308057e-07,,seconds,1.6673460006713867,1.6190012134611609,megabytes,546.0,546.0,84.0,72.375,0.048549888,0.048549888,0.81171875,0.75458984375,success,sgd,0.001,1000000,1e-06,0.002,0.9,9.99829829308057e-07,
1D-exponential-256p,256,256,0.0170013459497521,73894,9.999740434804e-07,,seconds,3.856581687927246,3.840872716158629,megabytes,546.0,546.0,84.0,80.7,0.04872192,0.04872192,0.79765625,0.7728125,success,sgd,0.001,1000000,1e-06,0.002,0.9,9.999740434804e-07,
1D-exponential-256p,256,256,0.0182527993782356,17927,9.99644713341822e-07,,seconds,0.9737675189971924,0.9368509389460088,megabytes,546.0,546.0,84.0,68.2,0.048521216,0.048521216,0.790625,0.74109375,success,sgd,0.001,1000000,1e-06,0.002,0.9,9.99644713341822e-07,
1D-exponential-256p,256,256,0.0169647918597993,11752,9.998387088412117e-07,,seconds,0.8015048503875732,0.618888646364212,megabytes,546.0,546.0,84.0,64.5,0.04876288,0.04876288,0.7984375,0.5876953125,success,sgd,0.001,1000000,1e-06,0.002,0.9,9.998387088412117e-07,
1D-exponential-256p,256,256,0.1161109861164339,550234,9.99997840182897e-07,,seconds,28.97676706314087,28.90021481364965,megabytes,546.0,546.0,84.0,83.01459854014598,0.112963584,0.112963584,0.8171875,0.7779482208029196,success,sgd,0.001,1000000,1e-06,0.002,0.9,9.99997840182897e-07,
1D-exponential-256p,256,256,0.0973651166002342,339751,9.999991426856677e-07,,seconds,17.98177480697632,17.83521945402026,megabytes,546.0,546.0,84.0,82.29069767441861,0.112939008,0.112939008,0.82109375,0.7737191133720928,success,sgd,0.001,1000000,1e-06,0.002,0.9,9.999991426856677e-07,
1D-exponential-256p,256,256,0.0433095356501939,103116,9.999985040509895e-07,,seconds,5.528177499771118,5.375194601714611,megabytes,546.0,546.0,85.0,80.64285714285714,0.04872192,0.04872192,0.821875,0.757142857142857,success,sgd,0.001,1000000,1e-06,0.002,0.9,9.999985040509895e-07,
1D-exponential-256p,256,256,0.0305419921442554,26474,9.996675489892842e-07,,seconds,1.4138035774230957,1.388203363865614,megabytes,546.0,546.0,84.0,75.85714285714286,0.048648192,0.048648192,0.8109375,0.7709821428571428,success,sgd,0.001,1000000,1e-06,0.002,0.9,9.996675489892842e-07,
1D-exponential-256p,256,256,0.0870527407542189,307894,9.999998943015065e-07,,seconds,16.24069905281067,16.18381605669856,megabytes,546.0,546.0,84.0,82.45454545454545,0.112951296,0.112951296,0.81328125,0.7750304383116882,success,sgd,0.001,1000000,1e-06,0.002,0.9,9.999998943015065e-07,
1D-exponential-256p,256,256,0.0118741089147932,73621,9.99924871876314e-07,,seconds,4.006061315536499,3.84885935112834,megabytes,546.0,546.0,84.0,80.4,0.048861184,0.048861184,0.80546875,0.74390625,success,sgd,0.001,1000000,1e-06,0.002,0.9,9.99924871876314e-07,
1D-exponential-256p,256,256,0.0512204438389665,325644,9.99999461462899e-07,,seconds,17.279076099395752,17.102317925542593,megabytes,546.0,546.0,84.0,82.82142857142857,0.113061888,0.113061888,0.81953125,0.772879464285714,success,sgd,0.001,1000000,1e-06,0.002,0.9,9.99999461462899e-07,
1D-exponential-256p,256,256,0.0178766706368894,1000000,5.756134120477587e-06,,seconds,52.38872385025024,52.33194389566779,megabytes,546.0,546.0,84.0,83.19607843137256,0.113221632,0.113221632,0.82265625,0.7779932598039208,success,sgd,0.001,1000000,1e-06,0.002,0.9,5.756134120477587e-06,
1D-exponential-256p,256,256,0.0107082572495777,14246,9.99643110101227e-07,,seconds,0.7727987766265869,0.7419459857046604,megabytes,546.0,546.0,84.0,65.5,0.04866048,0.04866048,0.8078125,0.7525390625,success,sgd,0.001,1000000,1e-06,0.002,0.9,9.99643110101227e-07,
1D-exponential-256p,256,256,0.1037305759604785,351596,9.99997156622564e-07,,seconds,18.75942659378052,18.572454676032063,megabytes,546.0,546.0,84.0,82.51162790697674,0.11331584,0.11331584,0.81875,0.7743550145348835,success,sgd,0.001,1000000,1e-06,0.002,0.9,9.99997156622564e-07,
1D-exponential-256p,256,256,0.0355988148333647,19964,9.996347845382192e-07,,seconds,1.204028606414795,1.048332266509533,megabytes,546.0,546.0,84.0,65.33333333333333,0.04868096,0.04868096,0.7890625,0.6638020833333335,success,sgd,0.001,1000000,1e-06,0.002,0.9,9.996347845382192e-07,
1D-exponential-256p,256,256,0.0338792118363715,142521,9.999976312472931e-07,,seconds,7.635265350341797,7.466974262148142,megabytes,546.0,546.0,84.0,80.92105263157895,0.04929536,0.04929536,0.81484375,0.7607113486842106,success,sgd,0.001,1000000,1e-06,0.002,0.9,9.999976312472931e-07,
1D-exponential-256p,256,256,0.0018055463115879,14253,9.99650842466726e-07,,seconds,0.7705965042114258,0.7460437826812267,megabytes,546.0,546.0,84.0,56.75,0.048705536,0.048705536,0.78203125,0.7437499999999999,success,sgd,0.001,1000000,1e-06,0.002,0.9,9.99650842466726e-07,
1D-exponential-256p,256,256,0.0098043668327581,13486,9.99798755061575e-07,,seconds,0.8787598609924316,0.7149758487939835,megabytes,546.0,546.0,82.0,61.25,0.048877568,0.048877568,0.8015625,0.5855468749999999,success,sgd,0.001,1000000,1e-06,0.002,0.9,9.99798755061575e-07,
1D-exponential-256p,256,256,0.0014340726451101,36938,9.997756448661891e-07,,seconds,1.95298433303833,1.936132274568081,megabytes,546.0,546.0,84.0,75.5,0.048951296,0.048951296,0.79765625,0.767734375,success,sgd,0.001,1000000,1e-06,0.002,0.9,9.997756448661891e-07,
1D-exponential-256p,256,256,0.027339902826515,312714,9.999996533034342e-07,,seconds,16.47697353363037,16.4441468603909,megabytes,546.0,546.0,85.0,82.3896103896104,0.113303552,0.113303552,0.8203125,0.7759638798701296,success,sgd,0.001,1000000,1e-06,0.002,0.9,9.999996533034342e-07,
1D-exponential-256p,256,256,0.0129831482399342,45055,9.99886423201448e-07,,seconds,2.384312868118286,2.3634502217173576,megabytes,546.0,546.0,84.0,75.91666666666667,0.04890624,0.04890624,0.82265625,0.7733072916666667,success,sgd,0.001,1000000,1e-06,0.002,0.9,9.99886423201448e-07,
1D-exponential-256p,256,256,0.131275688471142,428922,9.999972681559595e-07,,seconds,22.790507078170776,22.604303754866123,megabytes,546.0,546.0,84.0,82.60185185185185,0.113455104,0.113455104,0.8234375,0.7729094328703702,success,sgd,0.001,1000000,1e-06,0.002,0.9,9.999972681559595e-07,
1D-exponential-512p,512,512,0.1593089411641863,106528,9.99997704108711e-07,,seconds,7.829911470413208,7.829192075878382,megabytes,554.0,554.0,86.0,76.61111111111111,0.062906368,0.062906368,0.80703125,0.7601779513888889,success,sgd,0.001,1000000,1e-06,0.002,0.9,9.99997704108711e-07,
1D-exponential-512p,512,512,0.0132693216089021,26652,9.99664515262576e-07,,seconds,1.937144756317139,1.838786777108908,megabytes,554.0,554.0,86.0,77.6,0.04677632,0.04677632,0.815625,0.735234375,success,sgd,0.001,1000000,1e-06,0.002,0.9,9.99664515262576e-07,
1D-exponential-512p,512,512,0.0234541926028887,123392,9.999685550304376e-07,,seconds,8.580653190612793,8.566232271492481,megabytes,554.0,554.0,86.0,82.66666666666667,0.047030272,0.047030272,0.81640625,0.7828525641025643,success,sgd,0.001,1000000,1e-06,0.002,0.9,9.999685550304376e-07,
1D-exponential-512p,512,512,0.0289190238676442,136876,9.999532161256113e-07,,seconds,9.542466878890991,9.474322762340307,megabytes,554.0,554.0,86.0,83.6,0.04687872,0.04687872,0.8171875,0.7738194444444446,success,sgd,0.001,1000000,1e-06,0.002,0.9,9.999532161256113e-07,
1D-exponential-512p,512,512,0.0283961007126158,35859,9.997622900064084e-07,,seconds,2.5411171913146973,2.480753555893898,megabytes,554.0,554.0,86.0,76.41666666666667,0.046645248,0.046645248,0.77109375,0.7432291666666666,success,sgd,0.001,1000000,1e-06,0.002,0.9,9.997622900064084e-07,
1D-exponential-512p,512,512,0.1018664875331399,1000000,8.093940576191884e-06,,seconds,69.41962385177612,69.27871998399496,megabytes,554.0,554.0,86.0,84.94392523364486,0.114098176,0.114098176,0.81640625,0.777107671339564,success,sgd,0.001,1000000,1e-06,0.002,0.9,8.093940576191884e-06,
1D-exponential-512p,512,512,0.0090486639861666,357924,9.99974556960088e-07,,seconds,24.822328567504883,24.69394162669778,megabytes,554.0,554.0,86.0,84.82644628099173,0.114036736,0.114036736,0.81953125,0.7756650309917358,success,sgd,0.001,1000000,1e-06,0.002,0.9,9.99974556960088e-07,
1D-exponential-512p,512,512,0.0040640047411014,96642,9.999099141461662e-07,,seconds,6.802708148956299,6.702443744987249,megabytes,554.0,554.0,86.0,81.93548387096774,0.047034368,0.047034368,0.80859375,0.7637096774193549,success,sgd,0.001,1000000,1e-06,0.002,0.9,9.999099141461662e-07,
1D-exponential-512p,512,512,0.0033525965772095,71381,9.99935638043055e-07,,seconds,4.977471351623535,4.945824008435011,megabytes,554.0,554.0,86.0,81.26086956521739,0.046833664,0.046833664,0.81328125,0.7744225543478261,success,sgd,0.001,1000000,1e-06,0.002,0.9,9.99935638043055e-07,
1D-exponential-512p,512,512,0.0168310423026929,1000000,2.436426547870498e-05,,seconds,69.15065670013428,69.11033853888512,megabytes,554.0,554.0,86.0,85.15902140672783,0.114061312,0.114061312,0.834375,0.7788393539755347,success,sgd,0.001,1000000,1e-06,0.002,0.9,2.436426547870498e-05,
1D-exponential-512p,512,512,0.0174273118141841,126848,9.998154494432557e-07,,seconds,8.952460527420044,8.791941095143557,megabytes,554.0,554.0,86.0,84.02439024390245,0.047230976,0.047230976,0.8078125,0.7641006097560976,success,sgd,0.001,1000000,1e-06,0.002,0.9,9.998154494432557e-07,
1D-exponential-512p,512,512,0.0187323924876714,25506,9.997558749786898e-07,,seconds,1.83497166633606,1.7637227587401867,megabytes,554.0,554.0,86.0,74.44444444444444,0.046825472,0.046825472,0.8046875,0.7527777777777778,success,sgd,0.001,1000000,1e-06,0.002,0.9,9.997558749786898e-07,
1D-exponential-512p,512,512,0.1187257790883449,706057,9.99998276324966e-07,,seconds,48.978025674819946,48.836903017014265,megabytes,554.0,554.0,86.0,84.83478260869565,0.114229248,0.114229248,0.8203125,0.7764945652173917,success,sgd,0.001,1000000,1e-06,0.002,0.9,9.99998276324966e-07,
1D-exponential-512p,512,512,0.0996705407863459,71962,9.99896155537693e-07,,seconds,5.119465827941895,4.985673099756241,megabytes,554.0,554.0,86.0,81.5,0.04687872,0.04687872,0.8078125,0.7486653645833335,success,sgd,0.001,1000000,1e-06,0.002,0.9,9.99896155537693e-07,
1D-exponential-512p,512,512,0.0460657702924564,338585,9.99857325860192e-07,,seconds,23.45960164070129,23.450479477643967,megabytes,554.0,554.0,86.0,84.8440366972477,0.114180096,0.114180096,0.815625,0.7798523509174311,success,sgd,0.001,1000000,1e-06,0.002,0.9,9.99857325860192e-07,
1D-exponential-512p,512,512,0.0292866316206566,58137,9.998660153074543e-07,,seconds,4.001485109329224,3.9939240999519834,megabytes,554.0,554.0,86.0,82.75,0.047140864,0.047140864,0.80703125,0.7833203125,success,sgd,0.001,1000000,1e-06,0.002,0.9,9.998660153074543e-07,
1D-exponential-512p,512,512,0.0848058082988544,114721,9.999763911690095e-07,,seconds,8.082445859909058,7.930743474513292,megabytes,554.0,554.0,86.0,83.8157894736842,0.047136768,0.047136768,0.815625,0.7641241776315789,success,sgd,0.001,1000000,1e-06,0.002,0.9,9.999763911690095e-07,
1D-exponential-512p,512,512,0.0111325641718181,197067,9.999774875519658e-07,,seconds,13.806841135025024,13.63942465186119,megabytes,554.0,554.0,86.0,84.06153846153846,0.114405376,0.114405376,0.81875,0.7668269230769232,success,sgd,0.001,1000000,1e-06,0.002,0.9,9.999774875519658e-07,
1D-exponential-512p,512,512,0.054513448136961,78340,9.99910643318967e-07,,seconds,5.601603031158447,5.436393015086651,megabytes,554.0,554.0,86.0,81.88461538461539,0.047214592,0.047214592,0.81484375,0.7466947115384616,success,sgd,0.001,1000000,1e-06,0.002,0.9,9.99910643318967e-07,
1D-exponential-512p,512,512,0.0178794163887035,1000000,3.727362359078925e-05,,seconds,68.98706603050232,68.89121710509062,megabytes,554.0,554.0,86.0,85.33832335329342,0.114221056,0.114221056,0.82265625,0.7787261414670655,success,sgd,0.001,1000000,1e-06,0.002,0.9,3.727362359078925e-05,
1D-exponential-512p,512,512,0.0107115474595025,42851,9.999380666500192e-07,,seconds,3.0627520084381104,2.95899760723114,megabytes,554.0,554.0,86.0,81.6,0.046944256,0.046944256,0.8078125,0.7535937500000001,success,sgd,0.001,1000000,1e-06,0.002,0.9,9.999380666500192e-07,
1D-exponential-512p,512,512,0.0991754032743717,45748,9.9988325739924e-07,,seconds,3.268495559692383,3.166517745703459,megabytes,554.0,554.0,86.0,80.625,0.046886912,0.046886912,0.81484375,0.7507812500000001,success,sgd,0.001,1000000,1e-06,0.002,0.9,9.9988325739924e-07,
1D-exponential-512p,512,512,0.036942353326355,41705,9.999723466108137e-07,,seconds,3.013204574584961,2.8697552010416985,megabytes,554.0,554.0,86.0,79.2,0.046989312,0.046989312,0.81015625,0.7365625,success,sgd,0.001,1000000,1e-06,0.002,0.9,9.999723466108137e-07,
1D-exponential-512p,512,512,0.0338858757159113,78213,9.999867036296454e-07,,seconds,5.528913974761963,5.430726263672113,megabytes,554.0,554.0,86.0,81.04,0.046895104,0.046895104,0.81796875,0.7597812500000002,success,sgd,0.001,1000000,1e-06,0.002,0.9,9.999867036296454e-07,
1D-exponential-512p,512,512,0.0018055212695865,34584,9.99685585098955e-07,,seconds,2.5123965740203857,2.408237148076296,megabytes,554.0,554.0,86.0,79.58333333333333,0.046907392,0.046907392,0.80078125,0.7319661458333333,success,sgd,0.001,1000000,1e-06,0.002,0.9,9.99685585098955e-07,
1D-exponential-512p,512,512,0.009804161317504,29283,9.998147870772072e-07,,seconds,2.0939199924468994,2.030755341053009,megabytes,554.0,554.0,86.0,75.5,0.046911488,0.046911488,0.80078125,0.7457812500000001,success,sgd,0.001,1000000,1e-06,0.002,0.9,9.998147870772072e-07,
1D-exponential-512p,512,512,0.0014348835629444,142685,9.998363711256271e-07,,seconds,10.020860433578491,9.836970057338476,megabytes,554.0,554.0,86.0,83.02,0.047435776,0.047435776,0.81796875,0.7653125000000002,success,sgd,0.001,1000000,1e-06,0.002,0.9,9.998363711256271e-07,
1D-exponential-512p,512,512,0.0273471738466237,193966,9.999519436344694e-07,,seconds,13.518375635147097,13.403517987579107,megabytes,554.0,554.0,86.0,84.72307692307692,0.114302976,0.114302976,0.81796875,0.7717427884615385,success,sgd,0.001,1000000,1e-06,0.002,0.9,9.999519436344694e-07,
1D-exponential-512p,512,512,0.0129834168752553,85556,9.999864210464449e-07,,seconds,6.085310697555542,5.926391243934631,megabytes,554.0,554.0,86.0,82.27586206896552,0.047017984,0.047017984,0.81171875,0.7559536637931036,success,sgd,0.001,1000000,1e-06,0.002,0.9,9.999864210464449e-07,
1D-exponential-512p,512,512,0.1285944042588862,549486,9.999989448898517e-07,,seconds,37.98355269432068,37.8368373401463,megabytes,554.0,554.0,86.0,85.05913978494624,0.114274304,0.114274304,0.82578125,0.7768271169354836,success,sgd,0.001,1000000,1e-06,0.002,0.9,9.999989448898517e-07,
1D-exponential-1024p,1024,1024,0.158170523284447,1000000,4.9325583949171054e-05,,seconds,88.850914478302,88.83218823745847,megabytes,582.0,582.0,94.0,92.04176904176904,0.126980096,0.126980096,0.83203125,0.7769348894348892,success,sgd,0.001,1000000,1e-06,0.002,0.9,4.9325583949171054e-05,
1D-exponential-1024p,1024,1024,0.0132699342845309,87810,9.999218333498986e-07,,seconds,8.08934497833252,8.034291811287403,megabytes,582.0,582.0,90.0,86.8157894736842,0.048930816,0.048930816,0.81171875,0.7694078947368421,success,sgd,0.001,1000000,1e-06,0.002,0.9,9.999218333498986e-07,
1D-exponential-1024p,1024,1024,0.0246120956299126,480521,9.99971112057698e-07,,seconds,44.07657527923584,43.93660502880812,megabytes,582.0,582.0,92.0,88.73399014778325,0.115941376,0.115941376,0.85390625,0.7772052032019706,success,sgd,0.001,1000000,1e-06,0.002,0.9,9.99971112057698e-07,
1D-exponential-1024p,1024,1024,0.0289111139427091,1000000,6.575195849477735e-05,,seconds,91.30747199058531,91.20248025283216,megabytes,582.0,582.0,91.0,89.34299516908213,0.115974144,0.115974144,0.821875,0.7783306914251216,success,sgd,0.001,1000000,1e-06,0.002,0.9,6.575195849477735e-05,
1D-exponential-1024p,1024,1024,0.0271895253652193,106965,9.9988064612855e-07,,seconds,10.053352117538452,9.9161011390388,megabytes,582.0,582.0,90.0,86.54,0.048726016,0.048726016,0.82421875,0.7681718750000001,success,sgd,0.001,1000000,1e-06,0.002,0.9,9.9988064612855e-07,
1D-exponential-1024p,1024,1024,0.1008509413232734,1000000,0.0001132844062321,,seconds,91.62312364578248,91.56640207767488,megabytes,582.0,582.0,90.0,88.89044289044288,0.115990528,0.115990528,0.81953125,0.7792777534965035,success,sgd,0.001,1000000,1e-06,0.002,0.9,0.0001132844062321,
1D-exponential-1024p,1024,1024,0.0087314314697112,1000000,0.0001234951016,,seconds,91.91582679748537,91.73703257367016,megabytes,582.0,582.0,90.0,88.7605633802817,0.116146176,0.116146176,0.8234375,0.777169527582159,success,sgd,0.001,1000000,1e-06,0.002,0.9,0.0001234951016,
1D-exponential-1024p,1024,1024,0.0040646216238981,318837,9.999726416617967e-07,,seconds,29.06226229667664,29.06310493126512,megabytes,582.0,582.0,90.0,88.86567164179104,0.115929088,0.115929088,0.81015625,0.777273787313433,success,sgd,0.001,1000000,1e-06,0.002,0.9,9.999726416617967e-07,
1D-exponential-1024p,1024,1024,0.0032017273419268,217094,9.999936092922295e-07,,seconds,19.908069133758545,19.85251260921359,megabytes,582.0,582.0,90.0,88.41111111111111,0.115740672,0.115740672,0.81640625,0.7766753472222222,success,sgd,0.001,1000000,1e-06,0.002,0.9,9.999936092922295e-07,
1D-exponential-1024p,1024,1024,0.0169857115188994,1000000,0.0001226822118259,,seconds,91.68489623069765,91.66712369397284,megabytes,582.0,582.0,92.0,89.17661097852029,0.115912704,0.115912704,0.84921875,0.7801536396181387,success,sgd,0.001,1000000,1e-06,0.002,0.9,0.0001226822118259,
1D-exponential-1024p,1024,1024,0.0174286791260524,647880,9.999392706834833e-07,,seconds,59.48458003997803,59.404820162802935,megabytes,582.0,582.0,92.0,89.04059040590406,0.115929088,0.115929088,0.82265625,0.7780731088560885,success,sgd,0.001,1000000,1e-06,0.002,0.9,9.999392706834833e-07,
1D-exponential-1024p,1024,1024,0.0187319173792087,55879,9.999591001943043e-07,,seconds,5.245385885238648,5.141301140189171,megabytes,582.0,582.0,90.0,84.61538461538461,0.048705536,0.048705536,0.82421875,0.7518329326923078,success,sgd,0.001,1000000,1e-06,0.002,0.9,9.999591001943043e-07,
1D-exponential-1024p,1024,1024,0.1176208118147433,1000000,9.06833900408384e-05,,seconds,91.85108733177184,91.80103969201446,megabytes,582.0,582.0,92.0,88.66589327146171,0.115892224,0.115892224,0.84609375,0.7775667053364272,success,sgd,0.001,1000000,1e-06,0.002,0.9,9.06833900408384e-05,
1D-exponential-1024p,1024,1024,0.0996709272485484,197292,9.999170028618615e-07,,seconds,18.11773943901062,17.959127489477396,megabytes,582.0,582.0,91.0,88.87654320987654,0.11595776,0.11595776,0.81171875,0.7730806327160494,success,sgd,0.001,1000000,1e-06,0.002,0.9,9.999170028618615e-07,
1D-exponential-1024p,1024,1024,0.0453727086996163,1000000,8.851162487067466e-05,,seconds,91.56207227706908,91.4336528107524,megabytes,582.0,582.0,91.0,89.06459330143541,0.115920896,0.115920896,0.81953125,0.7781922846889948,success,sgd,0.001,1000000,1e-06,0.002,0.9,8.851162487067466e-05,
1D-exponential-1024p,1024,1024,0.0292893516498591,171496,9.9997183811542e-07,,seconds,15.744091033935549,15.59725608304143,megabytes,582.0,582.0,92.0,88.67605633802818,0.115912704,0.115912704,0.815625,0.7696963028169014,success,sgd,0.001,1000000,1e-06,0.002,0.9,9.9997183811542e-07,
1D-exponential-1024p,1024,1024,0.0849682882652236,902875,9.99929051544198e-07,,seconds,82.71256709098816,82.61715978384018,megabytes,582.0,582.0,92.0,89.00527704485488,0.116137984,0.116137984,0.82421875,0.7780610982849602,success,sgd,0.001,1000000,1e-06,0.002,0.9,9.99929051544198e-07,
1D-exponential-1024p,1024,1024,0.0111321914746664,607696,9.99990304513967e-07,,seconds,55.74972677230835,55.62415660172701,megabytes,582.0,582.0,91.0,88.56390977443608,0.116064256,0.116064256,0.82109375,0.7766535479323309,success,sgd,0.001,1000000,1e-06,0.002,0.9,9.99990304513967e-07,
1D-exponential-1024p,1024,1024,0.0545120360828403,195642,9.99936888694317e-07,,seconds,17.93813705444336,17.91848833858967,megabytes,582.0,582.0,92.0,88.03614457831326,0.116076544,0.116076544,0.81015625,0.778266189759036,success,sgd,0.001,1000000,1e-06,0.002,0.9,9.99936888694317e-07,
1D-exponential-1024p,1024,1024,0.0175059691292288,1000000,0.0001305544145776,,seconds,91.83081531524658,91.68603080138564,megabytes,582.0,582.0,90.0,89.07177033492823,0.116076544,0.116076544,0.83359375,0.7790950209330142,success,sgd,0.001,1000000,1e-06,0.002,0.9,0.0001305544145776,
1D-exponential-1024p,1024,1024,0.0114050761756323,148408,9.998570206833907e-07,,seconds,13.669893264770508,13.620317913591862,megabytes,582.0,582.0,92.0,87.9,0.116056064,0.116056064,0.81875,0.7785937500000001,success,sgd,0.001,1000000,1e-06,0.002,0.9,9.998570206833907e-07,
1D-exponential-1024p,1024,1024,0.0991805829216635,119714,9.999951835541958e-07,,seconds,11.26408338546753,11.068889260292051,megabytes,582.0,582.0,90.0,87.66666666666667,0.04892672,0.04892672,0.82109375,0.7683015046296298,success,sgd,0.001,1000000,1e-06,0.002,0.9,9.999951835541958e-07,
1D-exponential-1024p,1024,1024,0.0369454032739165,123174,9.99919090592593e-07,,seconds,11.435529232025146,11.332014352083206,megabytes,582.0,582.0,90.0,87.70370370370371,0.049094656,0.049094656,0.82265625,0.7753182870370371,success,sgd,0.001,1000000,1e-06,0.002,0.9,9.99919090592593e-07,
1D-exponential-1024p,1024,1024,0.0333120015819235,393962,9.999609479967245e-07,,seconds,36.19157075881958,36.08642074465752,megabytes,582.0,582.0,91.0,88.87730061349693,0.116174848,0.116174848,0.846875,0.778081863496933,success,sgd,0.001,1000000,1e-06,0.002,0.9,9.999609479967245e-07,
1D-exponential-1024p,1024,1024,0.0018055015387043,93273,9.99944081268396e-07,,seconds,8.603342533111572,8.571798700839281,megabytes,582.0,582.0,90.0,87.425,0.048959488,0.048959488,0.82578125,0.7786523437500001,success,sgd,0.001,1000000,1e-06,0.002,0.9,9.99944081268396e-07,
1D-exponential-1024p,1024,1024,0.0098057264038217,73766,9.999379922314055e-07,,seconds,6.865809917449951,6.789459649473429,megabytes,582.0,582.0,90.0,86.96969696969697,0.04886528,0.04886528,0.80546875,0.7727746212121213,success,sgd,0.001,1000000,1e-06,0.002,0.9,9.999379922314055e-07,
1D-exponential-1024p,1024,1024,0.0014352085027801,571187,9.999899481035831e-07,,seconds,52.47920823097229,52.33168835937977,megabytes,582.0,582.0,90.0,89.09243697478992,0.116269056,0.116269056,0.8140625,0.7761817226890759,success,sgd,0.001,1000000,1e-06,0.002,0.9,9.999899481035831e-07,
1D-exponential-1024p,1024,1024,0.0279758117681183,1000000,9.04208841324854e-05,,seconds,91.76535630226137,91.74874499812722,megabytes,582.0,582.0,91.0,88.95714285714286,0.116269056,0.116269056,0.81875,0.7790643601190472,success,sgd,0.001,1000000,1e-06,0.002,0.9,9.04208841324854e-05,
1D-exponential-1024p,1024,1024,0.0125811973282451,241565,9.999808727761954e-07,,seconds,22.3105046749115,22.17942228168249,megabytes,582.0,582.0,90.0,88.07619047619048,0.116240384,0.116240384,0.8203125,0.7752380952380953,success,sgd,0.001,1000000,1e-06,0.002,0.9,9.999808727761954e-07,
1D-exponential-1024p,1024,1024,0.1301776350851862,1000000,8.364264480986481e-05,,seconds,91.74025368690492,91.69191344082355,megabytes,582.0,582.0,91.0,88.69141531322506,0.116207616,0.116207616,0.81875,0.7793322215777264,success,sgd,0.001,1000000,1e-06,0.002,0.9,8.364264480986481e-05,
1D-exponential-2048p,2048,2048,0.1592036073205746,1000000,0.0003319039179425,,seconds,190.05160903930664,190.0525191091001,megabytes,678.0,678.0,95.0,94.44353899883586,0.129531904,0.129531904,0.82734375,0.7767771391152497,success,sgd,0.001,1000000,1e-06,0.002,0.9,0.0003319039179425,
1D-exponential-2048p,2048,2048,0.0134557680635942,285523,9.99917535126172e-07,,seconds,54.37798595428467,54.20751793682575,megabytes,678.0,678.0,95.0,94.6,0.117997568,0.117997568,0.81875,0.776294642857142,success,sgd,0.001,1000000,1e-06,0.002,0.9,9.99917535126172e-07,
1D-exponential-2048p,2048,2048,0.0247091272970061,1000000,0.0004047308672696,,seconds,190.08015608787537,189.88191632553932,megabytes,678.0,678.0,95.0,94.92059838895284,0.117833728,0.117833728,0.8265625,0.7770470727848098,success,sgd,0.001,1000000,1e-06,0.002,0.9,0.0004047308672696,
1D-exponential-2048p,2048,2048,0.0304379849516567,1000000,0.0004525894948629,,seconds,189.77366280555725,189.6261603757739,megabytes,678.0,678.0,95.0,94.87906976744186,0.117665792,0.117665792,0.83671875,0.7797601744186046,success,sgd,0.001,1000000,1e-06,0.002,0.9,0.0004525894948629,
1D-exponential-2048p,2048,2048,0.0274916896115428,385766,9.99968851168029e-07,,seconds,73.43059659004211,73.32758212834597,megabytes,678.0,678.0,95.0,94.75820895522388,0.117612544,0.117612544,0.82109375,0.777842817164179,success,sgd,0.001,1000000,1e-06,0.002,0.9,9.99968851168029e-07,
1D-exponential-2048p,2048,2048,0.1022337461433892,1000000,0.0004161656163698,,seconds,189.48941087722775,189.4194798208773,megabytes,678.0,678.0,95.0,94.89832535885168,0.11767808,0.11767808,0.83203125,0.779815527811004,success,sgd,0.001,1000000,1e-06,0.002,0.9,0.0004161656163698,
1D-exponential-2048p,2048,2048,0.0092197271886443,1000000,0.0004611531530548,,seconds,189.8751838207245,189.82286374643445,megabytes,678.0,678.0,95.0,94.85862068965515,0.117710848,0.117710848,0.8234375,0.7796219468390814,success,sgd,0.001,1000000,1e-06,0.002,0.9,0.0004611531530548,
1D-exponential-2048p,2048,2048,0.004225010459974,1000000,0.0002589588927849,,seconds,189.1022272109985,189.0150381401181,megabytes,678.0,678.0,95.0,94.93176470588236,0.117723136,0.117723136,0.81875,0.7789917279411762,success,sgd,0.001,1000000,1e-06,0.002,0.9,0.0002589588927849,
1D-exponential-2048p,2048,2048,0.0031220625012184,725665,9.999714204669564e-07,,seconds,137.66653418540955,137.5860837623477,megabytes,678.0,678.0,96.0,94.84566929133858,0.117710848,0.117710848,0.85078125,0.7783378444881898,success,sgd,0.001,1000000,1e-06,0.002,0.9,9.999714204669564e-07,
1D-exponential-2048p,2048,2048,0.0174382839284109,1000000,0.000427461084681,,seconds,189.2188060283661,189.1813570149243,megabytes,678.0,678.0,95.0,94.8891454965358,0.117768192,0.117768192,0.81796875,0.7786112514434181,success,sgd,0.001,1000000,1e-06,0.002,0.9,0.000427461084681,
1D-exponential-2048p,2048,2048,0.0179549531785823,1000000,0.0003803228667048,,seconds,189.7496018409729,189.5806514546275,megabytes,678.0,678.0,95.0,94.87688734030198,0.117731328,0.117731328,0.8296875,0.7786258710801397,success,sgd,0.001,1000000,1e-06,0.002,0.9,0.0003803228667048,
1D-exponential-2048p,2048,2048,0.0187349059862691,195477,9.999547662774897e-07,,seconds,36.987266063690186,36.99032573774457,megabytes,678.0,678.0,95.0,94.45238095238096,0.117850112,0.117850112,0.81015625,0.7779715401785716,success,sgd,0.001,1000000,1e-06,0.002,0.9,9.999547662774897e-07,
1D-exponential-2048p,2048,2048,0.1168973233538139,1000000,0.0004502500230868,,seconds,190.19442486763,190.19565898180008,megabytes,678.0,678.0,95.0,94.906432748538,0.11784192,0.11784192,0.8375,0.7800164473684204,success,sgd,0.001,1000000,1e-06,0.002,0.9,0.0004502500230868,
1D-exponential-2048p,2048,2048,0.0990868328576469,609755,9.999832355445694e-07,,seconds,115.6582806110382,115.49305087327956,megabytes,678.0,678.0,95.0,94.86501901140684,0.117899264,0.117899264,0.82109375,0.7783314519961967,success,sgd,0.001,1000000,1e-06,0.002,0.9,9.999832355445694e-07,
1D-exponential-2048p,2048,2048,0.0455459842305762,1000000,0.0003535840660337,,seconds,190.0025975704193,189.89976461231709,megabytes,678.0,678.0,95.0,94.89425287356322,0.117837824,0.117837824,0.82265625,0.7797225215517237,success,sgd,0.001,1000000,1e-06,0.002,0.9,0.0003535840660337,
1D-exponential-2048p,2048,2048,0.0296012573319217,607651,9.999743410904025e-07,,seconds,114.95735836029051,114.80523884296416,megabytes,678.0,678.0,95.0,94.8210922787194,0.117993472,0.117993472,0.81875,0.778085275423728,success,sgd,0.001,1000000,1e-06,0.002,0.9,9.999743410904025e-07,
1D-exponential-2048p,2048,2048,0.085594591145339,1000000,0.0003222546299931,,seconds,189.8473143577576,189.69688284397125,megabytes,678.0,678.0,95.0,94.9345579793341,0.118022144,0.118022144,0.8390625,0.7788398751435133,success,sgd,0.001,1000000,1e-06,0.002,0.9,0.0003222546299931,
1D-exponential-2048p,2048,2048,0.0112102416778328,1000000,0.000501400667257,,seconds,189.3447332382202,189.19029027968645,megabytes,678.0,678.0,95.0,94.9283276450512,0.118140928,0.118140928,0.8359375,0.7786902730375421,success,sgd,0.001,1000000,1e-06,0.002,0.9,0.000501400667257,
1D-exponential-2048p,2048,2048,0.053676870755656,568617,9.99996461661542e-07,,seconds,107.45414900779724,107.36173959448934,megabytes,678.0,678.0,95.0,94.74180327868852,0.118104064,0.118104064,0.81875,0.77765112704918,success,sgd,0.001,1000000,1e-06,0.002,0.9,9.99996461661542e-07,
1D-exponential-2048p,2048,2048,0.0173355825314309,1000000,0.0004121040076094,,seconds,189.6504321098328,189.60299344360828,megabytes,678.0,678.0,95.0,94.8453488372093,0.117891072,0.117891072,0.8265625,0.7790234374999996,success,sgd,0.001,1000000,1e-06,0.002,0.9,0.0004121040076094,
1D-exponential-2048p,2048,2048,0.0112186328911325,557957,9.99969325577895e-07,,seconds,106.0165376663208,105.84983209893107,megabytes,678.0,678.0,95.0,94.84008097165992,0.11788288,0.11788288,0.81875,0.7783938512145752,success,sgd,0.001,1000000,1e-06,0.002,0.9,9.99969325577895e-07,
1D-exponential-2048p,2048,2048,0.0997255221898627,454215,9.999769015458138e-07,,seconds,85.6822624206543,85.6456386782229,megabytes,678.0,678.0,95.0,94.83116883116882,0.117764096,0.117764096,0.81875,0.7794277597402598,success,sgd,0.001,1000000,1e-06,0.002,0.9,9.999769015458138e-07,
1D-exponential-2048p,2048,2048,0.0369461427432943,433695,9.99998376141414e-07,,seconds,82.07625365257263,82.07461277022958,megabytes,678.0,678.0,95.0,94.72554347826087,0.117886976,0.117886976,0.81328125,0.7789869225543479,success,sgd,0.001,1000000,1e-06,0.002,0.9,9.99998376141414e-07,
1D-exponential-2048p,2048,2048,0.0337815742212098,1000000,0.0003557771578134,,seconds,189.72102403640747,189.57693487405777,megabytes,678.0,678.0,95.0,94.8952819332566,0.117833728,0.117833728,0.8359375,0.7794447640966641,success,sgd,0.001,1000000,1e-06,0.002,0.9,0.0003557771578134,
1D-exponential-2048p,2048,2048,0.0018596513949321,286089,9.999343432202105e-07,,seconds,54.31208348274231,54.20860204473138,megabytes,678.0,678.0,95.0,94.68253968253968,0.117796864,0.117796864,0.81875,0.7791697668650795,success,sgd,0.001,1000000,1e-06,0.002,0.9,9.999343432202105e-07,
1D-exponential-2048p,2048,2048,0.0098030115556686,250828,9.999130855813838e-07,,seconds,47.51521849632263,47.44241291284561,megabytes,678.0,678.0,95.0,94.41395348837209,0.117805056,0.117805056,0.82734375,0.7782848837209301,success,sgd,0.001,1000000,1e-06,0.002,0.9,9.999130855813838e-07,
1D-exponential-2048p,2048,2048,0.0015644570065743,1000000,0.0003667169062282,,seconds,190.3169941902161,190.1320209428668,megabytes,678.0,678.0,95.0,94.90877993158496,0.11798528,0.11798528,0.8359375,0.7790746151653363,success,sgd,0.001,1000000,1e-06,0.002,0.9,0.0003667169062282,
1D-exponential-2048p,2048,2048,0.0292434853102417,1000000,0.0004484962690939,,seconds,188.8259220123291,188.7232364974916,megabytes,678.0,678.0,95.0,94.85365853658536,0.118071296,0.118071296,0.82890625,0.7787665142276415,success,sgd,0.001,1000000,1e-06,0.002,0.9,0.0004484962690939,
1D-exponential-2048p,2048,2048,0.0129765908967559,791992,9.999874284847789e-07,,seconds,149.95925974845886,149.94261809810996,megabytes,678.0,678.0,95.0,94.81700288184436,0.118042624,0.118042624,0.8296875,0.7788691012247837,success,sgd,0.001,1000000,1e-06,0.002,0.9,9.999874284847789e-07,
1D-exponential-2048p,2048,2048,0.1304946446596808,1000000,0.000406831510957,,seconds,189.35482740402225,189.21558602154252,megabytes,678.0,678.0,95.0,94.88681446907816,0.117829632,0.117829632,0.8296875,0.7779736726954489,success,sgd,0.001,1000000,1e-06,0.002,0.9,0.000406831510957,
